{
    "followers_timeline": {
        "242877245": {
            "1660349461": {
                "title": "Too Many Requests",
                "detail": "Too Many Requests",
                "type": "about:blank",
                "status": 429
            },
            "1582635937": {
                "title": "Too Many Requests",
                "detail": "Too Many Requests",
                "type": "about:blank",
                "status": 429
            },
            "8771572": {
                "title": "Too Many Requests",
                "detail": "Too Many Requests",
                "type": "about:blank",
                "status": 429
            },
            "66332698": {
                "title": "Too Many Requests",
                "detail": "Too Many Requests",
                "type": "about:blank",
                "status": 429
            },
            "65342139": {
                "title": "Too Many Requests",
                "detail": "Too Many Requests",
                "type": "about:blank",
                "status": 429
            },
            "472691592": {
                "title": "Too Many Requests",
                "detail": "Too Many Requests",
                "type": "about:blank",
                "status": 429
            },
            "251936398": {
                "title": "Too Many Requests",
                "detail": "Too Many Requests",
                "type": "about:blank",
                "status": 429
            },
            "399790225": {
                "title": "Too Many Requests",
                "detail": "Too Many Requests",
                "type": "about:blank",
                "status": 429
            },
            "62834853": {
                "title": "Too Many Requests",
                "detail": "Too Many Requests",
                "type": "about:blank",
                "status": 429
            },
            "222236097": {
                "title": "Too Many Requests",
                "detail": "Too Many Requests",
                "type": "about:blank",
                "status": 429
            },
            "389254604": {
                "title": "Too Many Requests",
                "detail": "Too Many Requests",
                "type": "about:blank",
                "status": 429
            },
            "543150929": {
                "title": "Too Many Requests",
                "detail": "Too Many Requests",
                "type": "about:blank",
                "status": 429
            },
            "411757753": {
                "title": "Too Many Requests",
                "detail": "Too Many Requests",
                "type": "about:blank",
                "status": 429
            },
            "1179113114": {
                "title": "Too Many Requests",
                "detail": "Too Many Requests",
                "type": "about:blank",
                "status": 429
            },
            "547645698": {
                "title": "Too Many Requests",
                "detail": "Too Many Requests",
                "type": "about:blank",
                "status": 429
            },
            "23039620": {
                "title": "Too Many Requests",
                "detail": "Too Many Requests",
                "type": "about:blank",
                "status": 429
            },
            "513497144": {
                "title": "Too Many Requests",
                "detail": "Too Many Requests",
                "type": "about:blank",
                "status": 429
            },
            "104233072": {
                "title": "Too Many Requests",
                "detail": "Too Many Requests",
                "type": "about:blank",
                "status": 429
            },
            "428351481": {
                "title": "Too Many Requests",
                "detail": "Too Many Requests",
                "type": "about:blank",
                "status": 429
            },
            "791532931": {
                "title": "Too Many Requests",
                "detail": "Too Many Requests",
                "type": "about:blank",
                "status": 429
            },
            "1568384910": {
                "title": "Too Many Requests",
                "detail": "Too Many Requests",
                "type": "about:blank",
                "status": 429
            },
            "271418787": {
                "title": "Too Many Requests",
                "detail": "Too Many Requests",
                "type": "about:blank",
                "status": 429
            },
            "38837467": {
                "title": "Too Many Requests",
                "detail": "Too Many Requests",
                "type": "about:blank",
                "status": 429
            },
            "112030719": {
                "title": "Too Many Requests",
                "detail": "Too Many Requests",
                "type": "about:blank",
                "status": 429
            },
            "407682711": {
                "title": "Too Many Requests",
                "detail": "Too Many Requests",
                "type": "about:blank",
                "status": 429
            },
            "1333149109": {
                "title": "Too Many Requests",
                "detail": "Too Many Requests",
                "type": "about:blank",
                "status": 429
            },
            "182938729": {
                "title": "Too Many Requests",
                "detail": "Too Many Requests",
                "type": "about:blank",
                "status": 429
            },
            "30435460": {
                "title": "Too Many Requests",
                "detail": "Too Many Requests",
                "type": "about:blank",
                "status": 429
            },
            "1562062244": {
                "title": "Too Many Requests",
                "detail": "Too Many Requests",
                "type": "about:blank",
                "status": 429
            },
            "260714070": {
                "title": "Too Many Requests",
                "detail": "Too Many Requests",
                "type": "about:blank",
                "status": 429
            },
            "371881454": {
                "title": "Too Many Requests",
                "detail": "Too Many Requests",
                "type": "about:blank",
                "status": 429
            },
            "1278520903": {
                "title": "Too Many Requests",
                "detail": "Too Many Requests",
                "type": "about:blank",
                "status": 429
            },
            "47391973": {
                "title": "Too Many Requests",
                "detail": "Too Many Requests",
                "type": "about:blank",
                "status": 429
            },
            "1364525719": {
                "title": "Too Many Requests",
                "detail": "Too Many Requests",
                "type": "about:blank",
                "status": 429
            },
            "238706980": {
                "title": "Too Many Requests",
                "detail": "Too Many Requests",
                "type": "about:blank",
                "status": 429
            },
            "236353829": {
                "title": "Too Many Requests",
                "detail": "Too Many Requests",
                "type": "about:blank",
                "status": 429
            },
            "447525899": {
                "title": "Too Many Requests",
                "detail": "Too Many Requests",
                "type": "about:blank",
                "status": 429
            },
            "1303644452": {
                "title": "Too Many Requests",
                "detail": "Too Many Requests",
                "type": "about:blank",
                "status": 429
            },
            "520405311": {
                "title": "Too Many Requests",
                "detail": "Too Many Requests",
                "type": "about:blank",
                "status": 429
            },
            "944184708": {
                "title": "Too Many Requests",
                "detail": "Too Many Requests",
                "type": "about:blank",
                "status": 429
            },
            "401918183": {
                "title": "Too Many Requests",
                "detail": "Too Many Requests",
                "type": "about:blank",
                "status": 429
            },
            "566341279": {
                "title": "Too Many Requests",
                "detail": "Too Many Requests",
                "type": "about:blank",
                "status": 429
            },
            "609272175": {
                "title": "Too Many Requests",
                "detail": "Too Many Requests",
                "type": "about:blank",
                "status": 429
            },
            "356079998": {
                "title": "Too Many Requests",
                "detail": "Too Many Requests",
                "type": "about:blank",
                "status": 429
            },
            "569909888": {
                "title": "Too Many Requests",
                "detail": "Too Many Requests",
                "type": "about:blank",
                "status": 429
            },
            "38519234": {
                "title": "Too Many Requests",
                "detail": "Too Many Requests",
                "type": "about:blank",
                "status": 429
            },
            "1620017852": {
                "title": "Too Many Requests",
                "detail": "Too Many Requests",
                "type": "about:blank",
                "status": 429
            },
            "245534720": {
                "title": "Too Many Requests",
                "detail": "Too Many Requests",
                "type": "about:blank",
                "status": 429
            },
            "364409412": {
                "title": "Too Many Requests",
                "detail": "Too Many Requests",
                "type": "about:blank",
                "status": 429
            },
            "623030074": {
                "title": "Too Many Requests",
                "detail": "Too Many Requests",
                "type": "about:blank",
                "status": 429
            },
            "547150211": {
                "title": "Too Many Requests",
                "detail": "Too Many Requests",
                "type": "about:blank",
                "status": 429
            },
            "60405196": {
                "title": "Too Many Requests",
                "detail": "Too Many Requests",
                "type": "about:blank",
                "status": 429
            },
            "525415666": {
                "title": "Too Many Requests",
                "detail": "Too Many Requests",
                "type": "about:blank",
                "status": 429
            },
            "586593551": {
                "title": "Too Many Requests",
                "detail": "Too Many Requests",
                "type": "about:blank",
                "status": 429
            },
            "1585039135": {
                "title": "Too Many Requests",
                "detail": "Too Many Requests",
                "type": "about:blank",
                "status": 429
            },
            "1650508100": {
                "title": "Too Many Requests",
                "detail": "Too Many Requests",
                "type": "about:blank",
                "status": 429
            },
            "1668937796": {
                "title": "Too Many Requests",
                "detail": "Too Many Requests",
                "type": "about:blank",
                "status": 429
            },
            "338392410": {
                "title": "Too Many Requests",
                "detail": "Too Many Requests",
                "type": "about:blank",
                "status": 429
            },
            "918912961": {
                "title": "Too Many Requests",
                "detail": "Too Many Requests",
                "type": "about:blank",
                "status": 429
            },
            "82094260": {
                "title": "Too Many Requests",
                "detail": "Too Many Requests",
                "type": "about:blank",
                "status": 429
            },
            "246862931": {
                "title": "Too Many Requests",
                "detail": "Too Many Requests",
                "type": "about:blank",
                "status": 429
            },
            "1443624272": {
                "title": "Too Many Requests",
                "detail": "Too Many Requests",
                "type": "about:blank",
                "status": 429
            },
            "636458645": {
                "title": "Too Many Requests",
                "detail": "Too Many Requests",
                "type": "about:blank",
                "status": 429
            },
            "453444472": {
                "title": "Too Many Requests",
                "detail": "Too Many Requests",
                "type": "about:blank",
                "status": 429
            },
            "381554789": {
                "title": "Too Many Requests",
                "detail": "Too Many Requests",
                "type": "about:blank",
                "status": 429
            },
            "380955435": {
                "title": "Too Many Requests",
                "detail": "Too Many Requests",
                "type": "about:blank",
                "status": 429
            },
            "581261798": {
                "title": "Too Many Requests",
                "detail": "Too Many Requests",
                "type": "about:blank",
                "status": 429
            },
            "1393470380": {
                "title": "Too Many Requests",
                "detail": "Too Many Requests",
                "type": "about:blank",
                "status": 429
            },
            "1178751074": {
                "title": "Too Many Requests",
                "detail": "Too Many Requests",
                "type": "about:blank",
                "status": 429
            },
            "278040531": {
                "title": "Too Many Requests",
                "detail": "Too Many Requests",
                "type": "about:blank",
                "status": 429
            },
            "1478056860": {
                "title": "Too Many Requests",
                "detail": "Too Many Requests",
                "type": "about:blank",
                "status": 429
            },
            "351877211": {
                "title": "Too Many Requests",
                "detail": "Too Many Requests",
                "type": "about:blank",
                "status": 429
            },
            "113614184": {
                "title": "Too Many Requests",
                "detail": "Too Many Requests",
                "type": "about:blank",
                "status": 429
            },
            "1602904274": {
                "title": "Too Many Requests",
                "detail": "Too Many Requests",
                "type": "about:blank",
                "status": 429
            },
            "1435244473": {
                "title": "Too Many Requests",
                "detail": "Too Many Requests",
                "type": "about:blank",
                "status": 429
            },
            "539871762": {
                "title": "Too Many Requests",
                "detail": "Too Many Requests",
                "type": "about:blank",
                "status": 429
            },
            "1553298019": {
                "title": "Too Many Requests",
                "detail": "Too Many Requests",
                "type": "about:blank",
                "status": 429
            },
            "183348271": {
                "title": "Too Many Requests",
                "detail": "Too Many Requests",
                "type": "about:blank",
                "status": 429
            },
            "1501774104": {
                "title": "Too Many Requests",
                "detail": "Too Many Requests",
                "type": "about:blank",
                "status": 429
            },
            "791455579": {
                "title": "Too Many Requests",
                "detail": "Too Many Requests",
                "type": "about:blank",
                "status": 429
            },
            "272119031": {
                "title": "Too Many Requests",
                "detail": "Too Many Requests",
                "type": "about:blank",
                "status": 429
            },
            "1428204918": {
                "title": "Too Many Requests",
                "detail": "Too Many Requests",
                "type": "about:blank",
                "status": 429
            },
            "34445031": {
                "title": "Too Many Requests",
                "detail": "Too Many Requests",
                "type": "about:blank",
                "status": 429
            },
            "556165376": {
                "title": "Too Many Requests",
                "detail": "Too Many Requests",
                "type": "about:blank",
                "status": 429
            },
            "1590976158": {
                "title": "Too Many Requests",
                "detail": "Too Many Requests",
                "type": "about:blank",
                "status": 429
            },
            "1040720060": {
                "title": "Too Many Requests",
                "detail": "Too Many Requests",
                "type": "about:blank",
                "status": 429
            },
            "597284507": {
                "title": "Too Many Requests",
                "detail": "Too Many Requests",
                "type": "about:blank",
                "status": 429
            },
            "36037563": {
                "title": "Too Many Requests",
                "detail": "Too Many Requests",
                "type": "about:blank",
                "status": 429
            },
            "192200221": {
                "title": "Too Many Requests",
                "detail": "Too Many Requests",
                "type": "about:blank",
                "status": 429
            },
            "899794140": {
                "title": "Too Many Requests",
                "detail": "Too Many Requests",
                "type": "about:blank",
                "status": 429
            },
            "1060989996": {
                "title": "Too Many Requests",
                "detail": "Too Many Requests",
                "type": "about:blank",
                "status": 429
            },
            "1030199426": {
                "title": "Too Many Requests",
                "detail": "Too Many Requests",
                "type": "about:blank",
                "status": 429
            },
            "130249717": {
                "title": "Too Many Requests",
                "detail": "Too Many Requests",
                "type": "about:blank",
                "status": 429
            },
            "22895977": {
                "title": "Too Many Requests",
                "detail": "Too Many Requests",
                "type": "about:blank",
                "status": 429
            },
            "412221745": {
                "title": "Too Many Requests",
                "detail": "Too Many Requests",
                "type": "about:blank",
                "status": 429
            },
            "1485790928": {
                "title": "Too Many Requests",
                "detail": "Too Many Requests",
                "type": "about:blank",
                "status": 429
            },
            "368329949": {
                "title": "Too Many Requests",
                "detail": "Too Many Requests",
                "type": "about:blank",
                "status": 429
            },
            "1125690793": {
                "title": "Too Many Requests",
                "detail": "Too Many Requests",
                "type": "about:blank",
                "status": 429
            },
            "626605855": {
                "title": "Too Many Requests",
                "detail": "Too Many Requests",
                "type": "about:blank",
                "status": 429
            }
        }
    }
}