{
    "followers_timeline": {
        "242877245": {
            "1171540608634228737": {
                "title": "Too Many Requests",
                "detail": "Too Many Requests",
                "type": "about:blank",
                "status": 429
            },
            "1038713021491806208": {
                "title": "Too Many Requests",
                "detail": "Too Many Requests",
                "type": "about:blank",
                "status": 429
            },
            "869614442123845637": {
                "title": "Too Many Requests",
                "detail": "Too Many Requests",
                "type": "about:blank",
                "status": 429
            },
            "62803127": {
                "title": "Too Many Requests",
                "detail": "Too Many Requests",
                "type": "about:blank",
                "status": 429
            },
            "23367520": {
                "title": "Too Many Requests",
                "detail": "Too Many Requests",
                "type": "about:blank",
                "status": 429
            },
            "21934773": {
                "title": "Too Many Requests",
                "detail": "Too Many Requests",
                "type": "about:blank",
                "status": 429
            },
            "1199251806188122112": {
                "title": "Too Many Requests",
                "detail": "Too Many Requests",
                "type": "about:blank",
                "status": 429
            },
            "1176819368736493568": {
                "title": "Too Many Requests",
                "detail": "Too Many Requests",
                "type": "about:blank",
                "status": 429
            },
            "1199336882066247681": {
                "title": "Too Many Requests",
                "detail": "Too Many Requests",
                "type": "about:blank",
                "status": 429
            },
            "828301074209570817": {
                "title": "Too Many Requests",
                "detail": "Too Many Requests",
                "type": "about:blank",
                "status": 429
            },
            "1109847538553835522": {
                "title": "Too Many Requests",
                "detail": "Too Many Requests",
                "type": "about:blank",
                "status": 429
            },
            "490433554": {
                "title": "Too Many Requests",
                "detail": "Too Many Requests",
                "type": "about:blank",
                "status": 429
            },
            "3275552492": {
                "title": "Too Many Requests",
                "detail": "Too Many Requests",
                "type": "about:blank",
                "status": 429
            },
            "917381678628331520": {
                "title": "Too Many Requests",
                "detail": "Too Many Requests",
                "type": "about:blank",
                "status": 429
            },
            "21507248": {
                "title": "Too Many Requests",
                "detail": "Too Many Requests",
                "type": "about:blank",
                "status": 429
            },
            "1084443382427062272": {
                "title": "Too Many Requests",
                "detail": "Too Many Requests",
                "type": "about:blank",
                "status": 429
            },
            "1189223853400231937": {
                "title": "Too Many Requests",
                "detail": "Too Many Requests",
                "type": "about:blank",
                "status": 429
            },
            "867445961076989952": {
                "title": "Too Many Requests",
                "detail": "Too Many Requests",
                "type": "about:blank",
                "status": 429
            },
            "1117258664": {
                "title": "Too Many Requests",
                "detail": "Too Many Requests",
                "type": "about:blank",
                "status": 429
            },
            "92730414": {
                "title": "Too Many Requests",
                "detail": "Too Many Requests",
                "type": "about:blank",
                "status": 429
            },
            "1171130338074124288": {
                "title": "Too Many Requests",
                "detail": "Too Many Requests",
                "type": "about:blank",
                "status": 429
            },
            "1186796518734532610": {
                "title": "Too Many Requests",
                "detail": "Too Many Requests",
                "type": "about:blank",
                "status": 429
            },
            "1181627649531301890": {
                "title": "Too Many Requests",
                "detail": "Too Many Requests",
                "type": "about:blank",
                "status": 429
            },
            "855696925135446020": {
                "title": "Too Many Requests",
                "detail": "Too Many Requests",
                "type": "about:blank",
                "status": 429
            },
            "430082124": {
                "title": "Too Many Requests",
                "detail": "Too Many Requests",
                "type": "about:blank",
                "status": 429
            },
            "1156129355157987328": {
                "title": "Too Many Requests",
                "detail": "Too Many Requests",
                "type": "about:blank",
                "status": 429
            },
            "1114103648076824577": {
                "title": "Too Many Requests",
                "detail": "Too Many Requests",
                "type": "about:blank",
                "status": 429
            },
            "1134513620593905665": {
                "title": "Too Many Requests",
                "detail": "Too Many Requests",
                "type": "about:blank",
                "status": 429
            },
            "119187925": {
                "title": "Too Many Requests",
                "detail": "Too Many Requests",
                "type": "about:blank",
                "status": 429
            },
            "572071911": {
                "title": "Too Many Requests",
                "detail": "Too Many Requests",
                "type": "about:blank",
                "status": 429
            },
            "838016085068824576": {
                "title": "Too Many Requests",
                "detail": "Too Many Requests",
                "type": "about:blank",
                "status": 429
            },
            "4637996056": {
                "title": "Too Many Requests",
                "detail": "Too Many Requests",
                "type": "about:blank",
                "status": 429
            },
            "1150837882510282753": {
                "title": "Too Many Requests",
                "detail": "Too Many Requests",
                "type": "about:blank",
                "status": 429
            },
            "1070013506794196993": {
                "title": "Too Many Requests",
                "detail": "Too Many Requests",
                "type": "about:blank",
                "status": 429
            },
            "212737151": {
                "title": "Too Many Requests",
                "detail": "Too Many Requests",
                "type": "about:blank",
                "status": 429
            },
            "1068979222436147200": {
                "title": "Too Many Requests",
                "detail": "Too Many Requests",
                "type": "about:blank",
                "status": 429
            },
            "39987829": {
                "title": "Too Many Requests",
                "detail": "Too Many Requests",
                "type": "about:blank",
                "status": 429
            },
            "1091896114352132099": {
                "title": "Too Many Requests",
                "detail": "Too Many Requests",
                "type": "about:blank",
                "status": 429
            },
            "340901878": {
                "title": "Too Many Requests",
                "detail": "Too Many Requests",
                "type": "about:blank",
                "status": 429
            },
            "93730401": {
                "title": "Too Many Requests",
                "detail": "Too Many Requests",
                "type": "about:blank",
                "status": 429
            },
            "1051792158095757312": {
                "title": "Too Many Requests",
                "detail": "Too Many Requests",
                "type": "about:blank",
                "status": 429
            },
            "429685703": {
                "title": "Too Many Requests",
                "detail": "Too Many Requests",
                "type": "about:blank",
                "status": 429
            },
            "168509542": {
                "title": "Too Many Requests",
                "detail": "Too Many Requests",
                "type": "about:blank",
                "status": 429
            },
            "992103721629777920": {
                "title": "Too Many Requests",
                "detail": "Too Many Requests",
                "type": "about:blank",
                "status": 429
            },
            "1096823422460575744": {
                "title": "Too Many Requests",
                "detail": "Too Many Requests",
                "type": "about:blank",
                "status": 429
            },
            "1155498312201580546": {
                "title": "Too Many Requests",
                "detail": "Too Many Requests",
                "type": "about:blank",
                "status": 429
            },
            "2828001986": {
                "title": "Too Many Requests",
                "detail": "Too Many Requests",
                "type": "about:blank",
                "status": 429
            },
            "1153765039142256645": {
                "title": "Too Many Requests",
                "detail": "Too Many Requests",
                "type": "about:blank",
                "status": 429
            },
            "1147628650277158912": {
                "title": "Too Many Requests",
                "detail": "Too Many Requests",
                "type": "about:blank",
                "status": 429
            },
            "780874530": {
                "title": "Too Many Requests",
                "detail": "Too Many Requests",
                "type": "about:blank",
                "status": 429
            },
            "1144596670119895041": {
                "title": "Too Many Requests",
                "detail": "Too Many Requests",
                "type": "about:blank",
                "status": 429
            },
            "793637132694761472": {
                "title": "Too Many Requests",
                "detail": "Too Many Requests",
                "type": "about:blank",
                "status": 429
            },
            "2156599664": {
                "title": "Too Many Requests",
                "detail": "Too Many Requests",
                "type": "about:blank",
                "status": 429
            },
            "1149360771673022464": {
                "title": "Too Many Requests",
                "detail": "Too Many Requests",
                "type": "about:blank",
                "status": 429
            },
            "1147057288299077632": {
                "title": "Too Many Requests",
                "detail": "Too Many Requests",
                "type": "about:blank",
                "status": 429
            },
            "1138475159311060993": {
                "title": "Too Many Requests",
                "detail": "Too Many Requests",
                "type": "about:blank",
                "status": 429
            },
            "834042073254858754": {
                "title": "Too Many Requests",
                "detail": "Too Many Requests",
                "type": "about:blank",
                "status": 429
            },
            "1238797831": {
                "title": "Too Many Requests",
                "detail": "Too Many Requests",
                "type": "about:blank",
                "status": 429
            },
            "2267788723": {
                "title": "Too Many Requests",
                "detail": "Too Many Requests",
                "type": "about:blank",
                "status": 429
            },
            "1138615825726812160": {
                "title": "Too Many Requests",
                "detail": "Too Many Requests",
                "type": "about:blank",
                "status": 429
            },
            "3392419198": {
                "title": "Too Many Requests",
                "detail": "Too Many Requests",
                "type": "about:blank",
                "status": 429
            },
            "983043910342725632": {
                "title": "Too Many Requests",
                "detail": "Too Many Requests",
                "type": "about:blank",
                "status": 429
            },
            "134829651": {
                "title": "Too Many Requests",
                "detail": "Too Many Requests",
                "type": "about:blank",
                "status": 429
            },
            "986546219051864064": {
                "title": "Too Many Requests",
                "detail": "Too Many Requests",
                "type": "about:blank",
                "status": 429
            },
            "71577925": {
                "title": "Too Many Requests",
                "detail": "Too Many Requests",
                "type": "about:blank",
                "status": 429
            },
            "278448445": {
                "title": "Too Many Requests",
                "detail": "Too Many Requests",
                "type": "about:blank",
                "status": 429
            },
            "2239850293": {
                "title": "Too Many Requests",
                "detail": "Too Many Requests",
                "type": "about:blank",
                "status": 429
            },
            "1102622354243551232": {
                "title": "Too Many Requests",
                "detail": "Too Many Requests",
                "type": "about:blank",
                "status": 429
            },
            "1119320401849528320": {
                "title": "Too Many Requests",
                "detail": "Too Many Requests",
                "type": "about:blank",
                "status": 429
            },
            "1125499290263203841": {
                "title": "Too Many Requests",
                "detail": "Too Many Requests",
                "type": "about:blank",
                "status": 429
            },
            "1133550299854057472": {
                "title": "Too Many Requests",
                "detail": "Too Many Requests",
                "type": "about:blank",
                "status": 429
            },
            "68139849": {
                "title": "Too Many Requests",
                "detail": "Too Many Requests",
                "type": "about:blank",
                "status": 429
            },
            "1112707097223987201": {
                "title": "Too Many Requests",
                "detail": "Too Many Requests",
                "type": "about:blank",
                "status": 429
            },
            "807312570566791168": {
                "title": "Too Many Requests",
                "detail": "Too Many Requests",
                "type": "about:blank",
                "status": 429
            },
            "49731927": {
                "title": "Too Many Requests",
                "detail": "Too Many Requests",
                "type": "about:blank",
                "status": 429
            },
            "398077317": {
                "title": "Too Many Requests",
                "detail": "Too Many Requests",
                "type": "about:blank",
                "status": 429
            },
            "39813882": {
                "title": "Too Many Requests",
                "detail": "Too Many Requests",
                "type": "about:blank",
                "status": 429
            },
            "3156374691": {
                "title": "Too Many Requests",
                "detail": "Too Many Requests",
                "type": "about:blank",
                "status": 429
            },
            "724596416": {
                "title": "Too Many Requests",
                "detail": "Too Many Requests",
                "type": "about:blank",
                "status": 429
            },
            "3623154853": {
                "title": "Too Many Requests",
                "detail": "Too Many Requests",
                "type": "about:blank",
                "status": 429
            },
            "1096930624613564422": {
                "title": "Too Many Requests",
                "detail": "Too Many Requests",
                "type": "about:blank",
                "status": 429
            },
            "1056185639471906817": {
                "title": "Too Many Requests",
                "detail": "Too Many Requests",
                "type": "about:blank",
                "status": 429
            },
            "913319462375444480": {
                "title": "Too Many Requests",
                "detail": "Too Many Requests",
                "type": "about:blank",
                "status": 429
            },
            "858662576930074624": {
                "title": "Too Many Requests",
                "detail": "Too Many Requests",
                "type": "about:blank",
                "status": 429
            },
            "967090419422162946": {
                "title": "Too Many Requests",
                "detail": "Too Many Requests",
                "type": "about:blank",
                "status": 429
            },
            "711151544436178944": {
                "title": "Too Many Requests",
                "detail": "Too Many Requests",
                "type": "about:blank",
                "status": 429
            },
            "2565435234": {
                "title": "Too Many Requests",
                "detail": "Too Many Requests",
                "type": "about:blank",
                "status": 429
            },
            "300081857": {
                "title": "Too Many Requests",
                "detail": "Too Many Requests",
                "type": "about:blank",
                "status": 429
            },
            "880870299016855552": {
                "title": "Too Many Requests",
                "detail": "Too Many Requests",
                "type": "about:blank",
                "status": 429
            },
            "1107389739622195200": {
                "title": "Too Many Requests",
                "detail": "Too Many Requests",
                "type": "about:blank",
                "status": 429
            },
            "2188070047": {
                "title": "Too Many Requests",
                "detail": "Too Many Requests",
                "type": "about:blank",
                "status": 429
            },
            "1072536325105041408": {
                "title": "Too Many Requests",
                "detail": "Too Many Requests",
                "type": "about:blank",
                "status": 429
            },
            "1111833291315953665": {
                "title": "Too Many Requests",
                "detail": "Too Many Requests",
                "type": "about:blank",
                "status": 429
            },
            "813973894365257728": {
                "title": "Too Many Requests",
                "detail": "Too Many Requests",
                "type": "about:blank",
                "status": 429
            },
            "189989065": {
                "title": "Too Many Requests",
                "detail": "Too Many Requests",
                "type": "about:blank",
                "status": 429
            },
            "345543605": {
                "title": "Too Many Requests",
                "detail": "Too Many Requests",
                "type": "about:blank",
                "status": 429
            },
            "2983094170": {
                "title": "Too Many Requests",
                "detail": "Too Many Requests",
                "type": "about:blank",
                "status": 429
            },
            "916289717821476865": {
                "title": "Too Many Requests",
                "detail": "Too Many Requests",
                "type": "about:blank",
                "status": 429
            },
            "2453253740": {
                "title": "Too Many Requests",
                "detail": "Too Many Requests",
                "type": "about:blank",
                "status": 429
            }
        }
    }
}