{
    "followers_timeline": {
        "242877245": {
            "1217177822042738701": {
                "title": "Too Many Requests",
                "detail": "Too Many Requests",
                "type": "about:blank",
                "status": 429
            },
            "2795234765": {
                "title": "Too Many Requests",
                "detail": "Too Many Requests",
                "type": "about:blank",
                "status": 429
            },
            "1182716598110638080": {
                "title": "Too Many Requests",
                "detail": "Too Many Requests",
                "type": "about:blank",
                "status": 429
            },
            "1213086545382502400": {
                "title": "Too Many Requests",
                "detail": "Too Many Requests",
                "type": "about:blank",
                "status": 429
            },
            "1179367254103924736": {
                "title": "Too Many Requests",
                "detail": "Too Many Requests",
                "type": "about:blank",
                "status": 429
            },
            "20990842": {
                "title": "Too Many Requests",
                "detail": "Too Many Requests",
                "type": "about:blank",
                "status": 429
            },
            "743805982560624640": {
                "title": "Too Many Requests",
                "detail": "Too Many Requests",
                "type": "about:blank",
                "status": 429
            },
            "4067959433": {
                "title": "Too Many Requests",
                "detail": "Too Many Requests",
                "type": "about:blank",
                "status": 429
            },
            "1209581267173416966": {
                "title": "Too Many Requests",
                "detail": "Too Many Requests",
                "type": "about:blank",
                "status": 429
            },
            "174615064": {
                "title": "Too Many Requests",
                "detail": "Too Many Requests",
                "type": "about:blank",
                "status": 429
            },
            "3698796095": {
                "title": "Too Many Requests",
                "detail": "Too Many Requests",
                "type": "about:blank",
                "status": 429
            },
            "1187801016777039872": {
                "title": "Too Many Requests",
                "detail": "Too Many Requests",
                "type": "about:blank",
                "status": 429
            },
            "1457852581": {
                "title": "Too Many Requests",
                "detail": "Too Many Requests",
                "type": "about:blank",
                "status": 429
            },
            "438607289": {
                "title": "Too Many Requests",
                "detail": "Too Many Requests",
                "type": "about:blank",
                "status": 429
            }
        }
    }
}