{
    "followers_timeline": {
        "85810276": {
            "2496761904": {
                "title": "Too Many Requests",
                "detail": "Too Many Requests",
                "type": "about:blank",
                "status": 429
            },
            "636943912": {
                "title": "Too Many Requests",
                "detail": "Too Many Requests",
                "type": "about:blank",
                "status": 429
            },
            "1380895946280632325": {
                "title": "Too Many Requests",
                "detail": "Too Many Requests",
                "type": "about:blank",
                "status": 429
            },
            "494408627": {
                "title": "Too Many Requests",
                "detail": "Too Many Requests",
                "type": "about:blank",
                "status": 429
            },
            "568569633": {
                "title": "Too Many Requests",
                "detail": "Too Many Requests",
                "type": "about:blank",
                "status": 429
            },
            "344633710": {
                "title": "Too Many Requests",
                "detail": "Too Many Requests",
                "type": "about:blank",
                "status": 429
            },
            "1386067200180641793": {
                "title": "Too Many Requests",
                "detail": "Too Many Requests",
                "type": "about:blank",
                "status": 429
            },
            "1282336401825161218": {
                "title": "Too Many Requests",
                "detail": "Too Many Requests",
                "type": "about:blank",
                "status": 429
            },
            "1384562395457204224": {
                "title": "Too Many Requests",
                "detail": "Too Many Requests",
                "type": "about:blank",
                "status": 429
            },
            "1151947465": {
                "title": "Too Many Requests",
                "detail": "Too Many Requests",
                "type": "about:blank",
                "status": 429
            },
            "1373974029141442560": {
                "title": "Too Many Requests",
                "detail": "Too Many Requests",
                "type": "about:blank",
                "status": 429
            },
            "28561408": {
                "title": "Too Many Requests",
                "detail": "Too Many Requests",
                "type": "about:blank",
                "status": 429
            },
            "111688810": {
                "title": "Too Many Requests",
                "detail": "Too Many Requests",
                "type": "about:blank",
                "status": 429
            },
            "18767268": {
                "title": "Too Many Requests",
                "detail": "Too Many Requests",
                "type": "about:blank",
                "status": 429
            },
            "3023335870": {
                "title": "Too Many Requests",
                "detail": "Too Many Requests",
                "type": "about:blank",
                "status": 429
            },
            "1263987870303428609": {
                "title": "Too Many Requests",
                "detail": "Too Many Requests",
                "type": "about:blank",
                "status": 429
            },
            "1928147066": {
                "title": "Too Many Requests",
                "detail": "Too Many Requests",
                "type": "about:blank",
                "status": 429
            },
            "2554044230": {
                "title": "Too Many Requests",
                "detail": "Too Many Requests",
                "type": "about:blank",
                "status": 429
            },
            "1191102167735787521": {
                "title": "Too Many Requests",
                "detail": "Too Many Requests",
                "type": "about:blank",
                "status": 429
            },
            "74113760": {
                "title": "Too Many Requests",
                "detail": "Too Many Requests",
                "type": "about:blank",
                "status": 429
            },
            "581847773": {
                "title": "Too Many Requests",
                "detail": "Too Many Requests",
                "type": "about:blank",
                "status": 429
            },
            "801620076": {
                "title": "Too Many Requests",
                "detail": "Too Many Requests",
                "type": "about:blank",
                "status": 429
            },
            "877444640": {
                "title": "Too Many Requests",
                "detail": "Too Many Requests",
                "type": "about:blank",
                "status": 429
            },
            "1357384141579427842": {
                "title": "Too Many Requests",
                "detail": "Too Many Requests",
                "type": "about:blank",
                "status": 429
            },
            "1225906327": {
                "title": "Too Many Requests",
                "detail": "Too Many Requests",
                "type": "about:blank",
                "status": 429
            },
            "1351236626660392961": {
                "title": "Too Many Requests",
                "detail": "Too Many Requests",
                "type": "about:blank",
                "status": 429
            },
            "382167526": {
                "title": "Too Many Requests",
                "detail": "Too Many Requests",
                "type": "about:blank",
                "status": 429
            },
            "1062109324036726784": {
                "title": "Too Many Requests",
                "detail": "Too Many Requests",
                "type": "about:blank",
                "status": 429
            },
            "1243462697116749825": {
                "title": "Too Many Requests",
                "detail": "Too Many Requests",
                "type": "about:blank",
                "status": 429
            },
            "1305432491520667648": {
                "title": "Too Many Requests",
                "detail": "Too Many Requests",
                "type": "about:blank",
                "status": 429
            },
            "1362828170": {
                "title": "Too Many Requests",
                "detail": "Too Many Requests",
                "type": "about:blank",
                "status": 429
            },
            "2497270315": {
                "title": "Too Many Requests",
                "detail": "Too Many Requests",
                "type": "about:blank",
                "status": 429
            },
            "870285313993830402": {
                "title": "Too Many Requests",
                "detail": "Too Many Requests",
                "type": "about:blank",
                "status": 429
            },
            "3411045898": {
                "title": "Too Many Requests",
                "detail": "Too Many Requests",
                "type": "about:blank",
                "status": 429
            },
            "1235025006267994112": {
                "title": "Too Many Requests",
                "detail": "Too Many Requests",
                "type": "about:blank",
                "status": 429
            },
            "1345790093567651842": {
                "title": "Too Many Requests",
                "detail": "Too Many Requests",
                "type": "about:blank",
                "status": 429
            },
            "1260178341283446785": {
                "title": "Too Many Requests",
                "detail": "Too Many Requests",
                "type": "about:blank",
                "status": 429
            },
            "1368570755517186051": {
                "title": "Too Many Requests",
                "detail": "Too Many Requests",
                "type": "about:blank",
                "status": 429
            },
            "1367571831419506692": {
                "title": "Too Many Requests",
                "detail": "Too Many Requests",
                "type": "about:blank",
                "status": 429
            },
            "1238773315386232833": {
                "title": "Too Many Requests",
                "detail": "Too Many Requests",
                "type": "about:blank",
                "status": 429
            },
            "1371194863933345792": {
                "title": "Too Many Requests",
                "detail": "Too Many Requests",
                "type": "about:blank",
                "status": 429
            },
            "1361324304974180355": {
                "title": "Too Many Requests",
                "detail": "Too Many Requests",
                "type": "about:blank",
                "status": 429
            },
            "1263068993964867584": {
                "title": "Too Many Requests",
                "detail": "Too Many Requests",
                "type": "about:blank",
                "status": 429
            },
            "1303936553891160065": {
                "title": "Too Many Requests",
                "detail": "Too Many Requests",
                "type": "about:blank",
                "status": 429
            },
            "1058113721107693569": {
                "title": "Too Many Requests",
                "detail": "Too Many Requests",
                "type": "about:blank",
                "status": 429
            },
            "1210636865725816833": {
                "title": "Too Many Requests",
                "detail": "Too Many Requests",
                "type": "about:blank",
                "status": 429
            },
            "1325412002": {
                "title": "Too Many Requests",
                "detail": "Too Many Requests",
                "type": "about:blank",
                "status": 429
            },
            "7517012": {
                "title": "Too Many Requests",
                "detail": "Too Many Requests",
                "type": "about:blank",
                "status": 429
            },
            "1366878887154757633": {
                "title": "Too Many Requests",
                "detail": "Too Many Requests",
                "type": "about:blank",
                "status": 429
            },
            "400725210": {
                "title": "Too Many Requests",
                "detail": "Too Many Requests",
                "type": "about:blank",
                "status": 429
            },
            "1325499174222254081": {
                "title": "Too Many Requests",
                "detail": "Too Many Requests",
                "type": "about:blank",
                "status": 429
            },
            "1345426638": {
                "title": "Too Many Requests",
                "detail": "Too Many Requests",
                "type": "about:blank",
                "status": 429
            },
            "1223376140": {
                "title": "Too Many Requests",
                "detail": "Too Many Requests",
                "type": "about:blank",
                "status": 429
            },
            "1355842980423192580": {
                "title": "Too Many Requests",
                "detail": "Too Many Requests",
                "type": "about:blank",
                "status": 429
            },
            "1365950856311504896": {
                "title": "Too Many Requests",
                "detail": "Too Many Requests",
                "type": "about:blank",
                "status": 429
            },
            "1359870416584642560": {
                "title": "Too Many Requests",
                "detail": "Too Many Requests",
                "type": "about:blank",
                "status": 429
            },
            "1302054389784489986": {
                "title": "Too Many Requests",
                "detail": "Too Many Requests",
                "type": "about:blank",
                "status": 429
            },
            "1362299305080410117": {
                "title": "Too Many Requests",
                "detail": "Too Many Requests",
                "type": "about:blank",
                "status": 429
            },
            "319653689": {
                "title": "Too Many Requests",
                "detail": "Too Many Requests",
                "type": "about:blank",
                "status": 429
            },
            "1351521563892473856": {
                "title": "Too Many Requests",
                "detail": "Too Many Requests",
                "type": "about:blank",
                "status": 429
            },
            "282889341": {
                "title": "Too Many Requests",
                "detail": "Too Many Requests",
                "type": "about:blank",
                "status": 429
            },
            "741481338": {
                "title": "Too Many Requests",
                "detail": "Too Many Requests",
                "type": "about:blank",
                "status": 429
            },
            "1015735096547168256": {
                "title": "Too Many Requests",
                "detail": "Too Many Requests",
                "type": "about:blank",
                "status": 429
            },
            "297020925": {
                "title": "Too Many Requests",
                "detail": "Too Many Requests",
                "type": "about:blank",
                "status": 429
            },
            "4744983946": {
                "title": "Too Many Requests",
                "detail": "Too Many Requests",
                "type": "about:blank",
                "status": 429
            },
            "1360510503085199361": {
                "title": "Too Many Requests",
                "detail": "Too Many Requests",
                "type": "about:blank",
                "status": 429
            },
            "758762966112141312": {
                "title": "Too Many Requests",
                "detail": "Too Many Requests",
                "type": "about:blank",
                "status": 429
            },
            "1239576207173320705": {
                "title": "Too Many Requests",
                "detail": "Too Many Requests",
                "type": "about:blank",
                "status": 429
            },
            "1359714574619058177": {
                "title": "Too Many Requests",
                "detail": "Too Many Requests",
                "type": "about:blank",
                "status": 429
            },
            "515535045": {
                "title": "Too Many Requests",
                "detail": "Too Many Requests",
                "type": "about:blank",
                "status": 429
            },
            "205158787": {
                "title": "Too Many Requests",
                "detail": "Too Many Requests",
                "type": "about:blank",
                "status": 429
            },
            "702896186387206144": {
                "title": "Too Many Requests",
                "detail": "Too Many Requests",
                "type": "about:blank",
                "status": 429
            },
            "997884566": {
                "title": "Too Many Requests",
                "detail": "Too Many Requests",
                "type": "about:blank",
                "status": 429
            },
            "1357720538773397509": {
                "title": "Too Many Requests",
                "detail": "Too Many Requests",
                "type": "about:blank",
                "status": 429
            },
            "1297909889042468865": {
                "title": "Too Many Requests",
                "detail": "Too Many Requests",
                "type": "about:blank",
                "status": 429
            },
            "3066019673": {
                "title": "Too Many Requests",
                "detail": "Too Many Requests",
                "type": "about:blank",
                "status": 429
            },
            "1357245069066031104": {
                "title": "Too Many Requests",
                "detail": "Too Many Requests",
                "type": "about:blank",
                "status": 429
            },
            "1351970657869979652": {
                "title": "Too Many Requests",
                "detail": "Too Many Requests",
                "type": "about:blank",
                "status": 429
            },
            "1333346747167469569": {
                "title": "Too Many Requests",
                "detail": "Too Many Requests",
                "type": "about:blank",
                "status": 429
            },
            "12153732": {
                "title": "Too Many Requests",
                "detail": "Too Many Requests",
                "type": "about:blank",
                "status": 429
            },
            "18592206": {
                "title": "Too Many Requests",
                "detail": "Too Many Requests",
                "type": "about:blank",
                "status": 429
            },
            "1356521534026903552": {
                "title": "Too Many Requests",
                "detail": "Too Many Requests",
                "type": "about:blank",
                "status": 429
            },
            "1355900224280141833": {
                "title": "Too Many Requests",
                "detail": "Too Many Requests",
                "type": "about:blank",
                "status": 429
            },
            "2907757760": {
                "title": "Too Many Requests",
                "detail": "Too Many Requests",
                "type": "about:blank",
                "status": 429
            },
            "4021459757": {
                "title": "Too Many Requests",
                "detail": "Too Many Requests",
                "type": "about:blank",
                "status": 429
            },
            "3123358681": {
                "title": "Too Many Requests",
                "detail": "Too Many Requests",
                "type": "about:blank",
                "status": 429
            },
            "1355534502710358020": {
                "title": "Too Many Requests",
                "detail": "Too Many Requests",
                "type": "about:blank",
                "status": 429
            },
            "2874775301": {
                "title": "Too Many Requests",
                "detail": "Too Many Requests",
                "type": "about:blank",
                "status": 429
            },
            "1355396051163873282": {
                "title": "Too Many Requests",
                "detail": "Too Many Requests",
                "type": "about:blank",
                "status": 429
            },
            "983442686102458368": {
                "title": "Too Many Requests",
                "detail": "Too Many Requests",
                "type": "about:blank",
                "status": 429
            },
            "20502124": {
                "title": "Too Many Requests",
                "detail": "Too Many Requests",
                "type": "about:blank",
                "status": 429
            },
            "1355098977763348485": {
                "title": "Too Many Requests",
                "detail": "Too Many Requests",
                "type": "about:blank",
                "status": 429
            },
            "177161861": {
                "title": "Too Many Requests",
                "detail": "Too Many Requests",
                "type": "about:blank",
                "status": 429
            },
            "23359111": {
                "title": "Too Many Requests",
                "detail": "Too Many Requests",
                "type": "about:blank",
                "status": 429
            },
            "1353739873585422337": {
                "title": "Too Many Requests",
                "detail": "Too Many Requests",
                "type": "about:blank",
                "status": 429
            },
            "1352665055888875538": {
                "title": "Too Many Requests",
                "detail": "Too Many Requests",
                "type": "about:blank",
                "status": 429
            },
            "1345351973537804290": {
                "title": "Too Many Requests",
                "detail": "Too Many Requests",
                "type": "about:blank",
                "status": 429
            },
            "1044994420444200960": {
                "title": "Too Many Requests",
                "detail": "Too Many Requests",
                "type": "about:blank",
                "status": 429
            },
            "1342101889878347777": {
                "title": "Too Many Requests",
                "detail": "Too Many Requests",
                "type": "about:blank",
                "status": 429
            }
        }
    }
}