{
    "followers_timeline": {
        "153701624": {
            "34180385": {
                "title": "Too Many Requests",
                "detail": "Too Many Requests",
                "type": "about:blank",
                "status": 429
            },
            "186617304": {
                "title": "Too Many Requests",
                "detail": "Too Many Requests",
                "type": "about:blank",
                "status": 429
            },
            "126626046": {
                "title": "Too Many Requests",
                "detail": "Too Many Requests",
                "type": "about:blank",
                "status": 429
            },
            "73438179": {
                "title": "Too Many Requests",
                "detail": "Too Many Requests",
                "type": "about:blank",
                "status": 429
            },
            "17151515": {
                "title": "Too Many Requests",
                "detail": "Too Many Requests",
                "type": "about:blank",
                "status": 429
            },
            "182736477": {
                "title": "Too Many Requests",
                "detail": "Too Many Requests",
                "type": "about:blank",
                "status": 429
            },
            "185686452": {
                "title": "Too Many Requests",
                "detail": "Too Many Requests",
                "type": "about:blank",
                "status": 429
            },
            "182380190": {
                "title": "Too Many Requests",
                "detail": "Too Many Requests",
                "type": "about:blank",
                "status": 429
            },
            "19747277": {
                "title": "Too Many Requests",
                "detail": "Too Many Requests",
                "type": "about:blank",
                "status": 429
            },
            "43045278": {
                "title": "Too Many Requests",
                "detail": "Too Many Requests",
                "type": "about:blank",
                "status": 429
            },
            "137382274": {
                "title": "Too Many Requests",
                "detail": "Too Many Requests",
                "type": "about:blank",
                "status": 429
            },
            "183488570": {
                "title": "Too Many Requests",
                "detail": "Too Many Requests",
                "type": "about:blank",
                "status": 429
            },
            "59853076": {
                "title": "Too Many Requests",
                "detail": "Too Many Requests",
                "type": "about:blank",
                "status": 429
            },
            "15593564": {
                "title": "Too Many Requests",
                "detail": "Too Many Requests",
                "type": "about:blank",
                "status": 429
            },
            "41943416": {
                "title": "Too Many Requests",
                "detail": "Too Many Requests",
                "type": "about:blank",
                "status": 429
            },
            "11491882": {
                "title": "Too Many Requests",
                "detail": "Too Many Requests",
                "type": "about:blank",
                "status": 429
            },
            "75316893": {
                "title": "Too Many Requests",
                "detail": "Too Many Requests",
                "type": "about:blank",
                "status": 429
            },
            "152703712": {
                "title": "Too Many Requests",
                "detail": "Too Many Requests",
                "type": "about:blank",
                "status": 429
            },
            "186213271": {
                "title": "Too Many Requests",
                "detail": "Too Many Requests",
                "type": "about:blank",
                "status": 429
            },
            "107126668": {
                "title": "Too Many Requests",
                "detail": "Too Many Requests",
                "type": "about:blank",
                "status": 429
            },
            "81928016": {
                "title": "Too Many Requests",
                "detail": "Too Many Requests",
                "type": "about:blank",
                "status": 429
            },
            "183816915": {
                "title": "Too Many Requests",
                "detail": "Too Many Requests",
                "type": "about:blank",
                "status": 429
            },
            "16660277": {
                "title": "Too Many Requests",
                "detail": "Too Many Requests",
                "type": "about:blank",
                "status": 429
            },
            "69620961": {
                "title": "Too Many Requests",
                "detail": "Too Many Requests",
                "type": "about:blank",
                "status": 429
            },
            "181319851": {
                "title": "Too Many Requests",
                "detail": "Too Many Requests",
                "type": "about:blank",
                "status": 429
            },
            "137215581": {
                "title": "Too Many Requests",
                "detail": "Too Many Requests",
                "type": "about:blank",
                "status": 429
            },
            "177778635": {
                "title": "Too Many Requests",
                "detail": "Too Many Requests",
                "type": "about:blank",
                "status": 429
            },
            "167484196": {
                "title": "Too Many Requests",
                "detail": "Too Many Requests",
                "type": "about:blank",
                "status": 429
            },
            "172896328": {
                "title": "Too Many Requests",
                "detail": "Too Many Requests",
                "type": "about:blank",
                "status": 429
            },
            "138093158": {
                "title": "Too Many Requests",
                "detail": "Too Many Requests",
                "type": "about:blank",
                "status": 429
            },
            "131582336": {
                "title": "Too Many Requests",
                "detail": "Too Many Requests",
                "type": "about:blank",
                "status": 429
            },
            "28964190": {
                "title": "Too Many Requests",
                "detail": "Too Many Requests",
                "type": "about:blank",
                "status": 429
            },
            "176211894": {
                "title": "Too Many Requests",
                "detail": "Too Many Requests",
                "type": "about:blank",
                "status": 429
            },
            "19745865": {
                "title": "Too Many Requests",
                "detail": "Too Many Requests",
                "type": "about:blank",
                "status": 429
            },
            "153683198": {
                "title": "Too Many Requests",
                "detail": "Too Many Requests",
                "type": "about:blank",
                "status": 429
            },
            "170015129": {
                "title": "Too Many Requests",
                "detail": "Too Many Requests",
                "type": "about:blank",
                "status": 429
            },
            "68543822": {
                "title": "Too Many Requests",
                "detail": "Too Many Requests",
                "type": "about:blank",
                "status": 429
            },
            "174600532": {
                "title": "Too Many Requests",
                "detail": "Too Many Requests",
                "type": "about:blank",
                "status": 429
            },
            "15738990": {
                "title": "Too Many Requests",
                "detail": "Too Many Requests",
                "type": "about:blank",
                "status": 429
            },
            "102624241": {
                "title": "Too Many Requests",
                "detail": "Too Many Requests",
                "type": "about:blank",
                "status": 429
            },
            "66188156": {
                "title": "Too Many Requests",
                "detail": "Too Many Requests",
                "type": "about:blank",
                "status": 429
            },
            "56397293": {
                "title": "Too Many Requests",
                "detail": "Too Many Requests",
                "type": "about:blank",
                "status": 429
            },
            "21430763": {
                "title": "Too Many Requests",
                "detail": "Too Many Requests",
                "type": "about:blank",
                "status": 429
            },
            "14427726": {
                "title": "Too Many Requests",
                "detail": "Too Many Requests",
                "type": "about:blank",
                "status": 429
            },
            "33192519": {
                "title": "Too Many Requests",
                "detail": "Too Many Requests",
                "type": "about:blank",
                "status": 429
            },
            "15112070": {
                "title": "Too Many Requests",
                "detail": "Too Many Requests",
                "type": "about:blank",
                "status": 429
            },
            "35131659": {
                "title": "Too Many Requests",
                "detail": "Too Many Requests",
                "type": "about:blank",
                "status": 429
            },
            "37871011": {
                "title": "Too Many Requests",
                "detail": "Too Many Requests",
                "type": "about:blank",
                "status": 429
            },
            "127343421": {
                "title": "Too Many Requests",
                "detail": "Too Many Requests",
                "type": "about:blank",
                "status": 429
            },
            "35071590": {
                "title": "Too Many Requests",
                "detail": "Too Many Requests",
                "type": "about:blank",
                "status": 429
            },
            "142588065": {
                "title": "Too Many Requests",
                "detail": "Too Many Requests",
                "type": "about:blank",
                "status": 429
            },
            "70788197": {
                "title": "Too Many Requests",
                "detail": "Too Many Requests",
                "type": "about:blank",
                "status": 429
            },
            "21840921": {
                "title": "Too Many Requests",
                "detail": "Too Many Requests",
                "type": "about:blank",
                "status": 429
            },
            "54219460": {
                "title": "Too Many Requests",
                "detail": "Too Many Requests",
                "type": "about:blank",
                "status": 429
            },
            "17621162": {
                "title": "Too Many Requests",
                "detail": "Too Many Requests",
                "type": "about:blank",
                "status": 429
            },
            "17859598": {
                "title": "Too Many Requests",
                "detail": "Too Many Requests",
                "type": "about:blank",
                "status": 429
            },
            "149389562": {
                "title": "Too Many Requests",
                "detail": "Too Many Requests",
                "type": "about:blank",
                "status": 429
            },
            "106318190": {
                "title": "Too Many Requests",
                "detail": "Too Many Requests",
                "type": "about:blank",
                "status": 429
            },
            "112771207": {
                "title": "Too Many Requests",
                "detail": "Too Many Requests",
                "type": "about:blank",
                "status": 429
            },
            "55817638": {
                "title": "Too Many Requests",
                "detail": "Too Many Requests",
                "type": "about:blank",
                "status": 429
            },
            "133464622": {
                "title": "Too Many Requests",
                "detail": "Too Many Requests",
                "type": "about:blank",
                "status": 429
            },
            "28371722": {
                "title": "Too Many Requests",
                "detail": "Too Many Requests",
                "type": "about:blank",
                "status": 429
            },
            "28872909": {
                "title": "Too Many Requests",
                "detail": "Too Many Requests",
                "type": "about:blank",
                "status": 429
            },
            "140621817": {
                "title": "Too Many Requests",
                "detail": "Too Many Requests",
                "type": "about:blank",
                "status": 429
            },
            "17681513": {
                "title": "Too Many Requests",
                "detail": "Too Many Requests",
                "type": "about:blank",
                "status": 429
            }
        },
        "242877245": {
            "1430714518699642881": {
                "title": "Too Many Requests",
                "detail": "Too Many Requests",
                "type": "about:blank",
                "status": 429
            },
            "151740567": {
                "title": "Too Many Requests",
                "detail": "Too Many Requests",
                "type": "about:blank",
                "status": 429
            },
            "708006861199507456": {
                "title": "Too Many Requests",
                "detail": "Too Many Requests",
                "type": "about:blank",
                "status": 429
            },
            "4889569217": {
                "title": "Too Many Requests",
                "detail": "Too Many Requests",
                "type": "about:blank",
                "status": 429
            },
            "3120146050": {
                "title": "Too Many Requests",
                "detail": "Too Many Requests",
                "type": "about:blank",
                "status": 429
            },
            "1462501567081426952": {
                "title": "Too Many Requests",
                "detail": "Too Many Requests",
                "type": "about:blank",
                "status": 429
            },
            "1386746431382462467": {
                "title": "Too Many Requests",
                "detail": "Too Many Requests",
                "type": "about:blank",
                "status": 429
            },
            "1462059597485727745": {
                "title": "Too Many Requests",
                "detail": "Too Many Requests",
                "type": "about:blank",
                "status": 429
            },
            "1458900203252203523": {
                "title": "Too Many Requests",
                "detail": "Too Many Requests",
                "type": "about:blank",
                "status": 429
            },
            "14441378": {
                "title": "Too Many Requests",
                "detail": "Too Many Requests",
                "type": "about:blank",
                "status": 429
            },
            "84571563": {
                "title": "Too Many Requests",
                "detail": "Too Many Requests",
                "type": "about:blank",
                "status": 429
            },
            "1891193496": {
                "title": "Too Many Requests",
                "detail": "Too Many Requests",
                "type": "about:blank",
                "status": 429
            },
            "1457986686332424193": {
                "title": "Too Many Requests",
                "detail": "Too Many Requests",
                "type": "about:blank",
                "status": 429
            },
            "1380026033458409474": {
                "title": "Too Many Requests",
                "detail": "Too Many Requests",
                "type": "about:blank",
                "status": 429
            },
            "24005483": {
                "title": "Too Many Requests",
                "detail": "Too Many Requests",
                "type": "about:blank",
                "status": 429
            },
            "1286298568760983552": {
                "title": "Too Many Requests",
                "detail": "Too Many Requests",
                "type": "about:blank",
                "status": 429
            },
            "3666934573": {
                "title": "Too Many Requests",
                "detail": "Too Many Requests",
                "type": "about:blank",
                "status": 429
            },
            "1418812215663210501": {
                "title": "Too Many Requests",
                "detail": "Too Many Requests",
                "type": "about:blank",
                "status": 429
            },
            "1442757259189161988": {
                "title": "Too Many Requests",
                "detail": "Too Many Requests",
                "type": "about:blank",
                "status": 429
            },
            "1441251635410259977": {
                "title": "Too Many Requests",
                "detail": "Too Many Requests",
                "type": "about:blank",
                "status": 429
            },
            "1413442598333784065": {
                "title": "Too Many Requests",
                "detail": "Too Many Requests",
                "type": "about:blank",
                "status": 429
            },
            "1312084363950067712": {
                "title": "Too Many Requests",
                "detail": "Too Many Requests",
                "type": "about:blank",
                "status": 429
            },
            "909173289020542977": {
                "title": "Too Many Requests",
                "detail": "Too Many Requests",
                "type": "about:blank",
                "status": 429
            },
            "1448248334796341250": {
                "title": "Too Many Requests",
                "detail": "Too Many Requests",
                "type": "about:blank",
                "status": 429
            },
            "933721591023841281": {
                "title": "Too Many Requests",
                "detail": "Too Many Requests",
                "type": "about:blank",
                "status": 429
            },
            "242046523": {
                "title": "Too Many Requests",
                "detail": "Too Many Requests",
                "type": "about:blank",
                "status": 429
            },
            "1318635072879235074": {
                "title": "Too Many Requests",
                "detail": "Too Many Requests",
                "type": "about:blank",
                "status": 429
            },
            "461349215": {
                "title": "Too Many Requests",
                "detail": "Too Many Requests",
                "type": "about:blank",
                "status": 429
            },
            "4066308795": {
                "title": "Too Many Requests",
                "detail": "Too Many Requests",
                "type": "about:blank",
                "status": 429
            },
            "1277050905037205504": {
                "title": "Too Many Requests",
                "detail": "Too Many Requests",
                "type": "about:blank",
                "status": 429
            },
            "1425887157256921090": {
                "title": "Too Many Requests",
                "detail": "Too Many Requests",
                "type": "about:blank",
                "status": 429
            },
            "1443245561155661833": {
                "title": "Too Many Requests",
                "detail": "Too Many Requests",
                "type": "about:blank",
                "status": 429
            },
            "26248491": {
                "title": "Too Many Requests",
                "detail": "Too Many Requests",
                "type": "about:blank",
                "status": 429
            }
        }
    }
}